{
  "timestamp": "2026-02-09T12:55:09.071408",
  "scaling_laws": {
    "network_size": {
      "widths": [
        32,
        64,
        128,
        256,
        512
      ],
      "d_effs": [
        1298.5510218497382,
        3507.4708362907368,
        9845.741835583323,
        30016.96553549276,
        100462.93734213419
      ],
      "n_params": [
        4618,
        11274,
        30730,
        94218,
        319498
      ]
    },
    "data_size": {
      "sample_sizes": [
        100,
        500,
        1000,
        2000,
        5000
      ],
      "d_effs": [
        4921.689801973426,
        4921.689801973426,
        4921.689801973426,
        4921.689801973426,
        4921.689801973426
      ]
    },
    "depth": {
      "depths": [
        2,
        3,
        4,
        5,
        6
      ],
      "d_effs": [
        1424.5663777501054,
        3500.0580073446654,
        5534.422716572895,
        7711.461855169049,
        9856.611836593038
      ]
    }
  }
}