{
  "timestamp": "2026-02-09T12:55:20.128712",
  "cross_direction": {
    "models": [
      "Small",
      "Medium",
      "Large"
    ],
    "K_neural": [
      1667.5478944108663,
      9845.741835583323,
      38989.812756388375
    ],
    "H_quantum": [
      6.256809351203268,
      6.256809351203268,
      6.256809351203268
    ],
    "I_network": [
      394.2784232747429,
      394.2784232747433,
      394.2784232747434
    ],
    "J_fractal": [
      448.0,
      448.0,
      448.0
    ]
  }
}