{
  "timestamp": "2026-02-11T17:32:39.683173",
  "dataset": {
    "n_groups": 15,
    "n_training": 12,
    "group_names": [
      "PSL(2, Z[i])",
      "PSL(2, Z[ω])",
      "Figure-Eight Knot Complement (m004)",
      "Whitehead Link Complement (m003)",
      "Borromean Rings Complement",
      "5₁ Knot Complement",
      "6₁ Knot Complement",
      "Weeks Manifold",
      "Thurston Manifold (m003(3,1))",
      "Apollonian Gasket Group",
      "Quaternion Group (d=2)",
      "Quaternion Group (d=5)"
    ],
    "observed": [
      2.0,
      2.0,
      1.0,
      1.0,
      1.0,
      1.0,
      1.0,
      2.0,
      2.0,
      1.305688,
      1.85,
      1.75
    ],
    "normalized_terms": [
      0.31322186066532604,
      0.30981673856391984,
      -0.9887309240834464,
      -0.924130513495339,
      -1.154812643743058,
      -0.9618964735187961,
      -0.9984151868199292,
      0.5084800031922344,
      -0.3195422956902452,
      0.0,
      0.18033688011112042,
      0.23463877262638766
    ],
    "types": [
      "B",
      "B",
      "C",
      "C",
      "C",
      "C",
      "C",
      "CL",
      "CL",
      "C",
      "CL",
      "CL"
    ]
  },
  "global_fitting": {
    "alpha": 0.6655190401167659,
    "beta": 0.702945696181309,
    "alpha_std": 0.10164233980554004,
    "beta_std": 0.07023384111785877,
    "r_squared": 0.810863238102649,
    "adj_r_squared": 0.7688328465699044,
    "rmse": 0.19738901675052786,
    "mae": 0.13030352088542904
  },
  "group_type_fitting": {
    "alpha": 0.2443489364961323,
    "gamma": {
      "B": 0.9190387337646204,
      "C": 0.2687365890012049,
      "CL": 0.8607619893840139
    },
    "r_squared": 0.9657623819717434,
    "adj_r_squared": 0.9461980288127395,
    "rmse": 0.08398210968325856,
    "mae": 0.053654044740905155,
    "n_params": 4
  },
  "model_comparison": {
    "original": {
      "r_squared": -2.5701905803494016,
      "rmse": 0.8575919759213751,
      "aic": -3.6870442834640387,
      "bic": -3.6870442834640387,
      "n_params": 0
    },
    "global": {
      "alpha": 0.6655190401167659,
      "beta": 0.702945696181309,
      "alpha_std": 0.10164233980554004,
      "beta_std": 0.07023384111785877,
      "r_squared": 0.810863238102649,
      "adj_r_squared": 0.7688328465699044,
      "rmse": 0.19738901675052786,
      "mae": 0.13030352088542904,
      "aic": -34.941891034216546,
      "bic": -33.97207773464054
    },
    "group_type": {
      "alpha": 0.2443489364961323,
      "gamma": {
        "B": 0.9190387337646204,
        "C": 0.2687365890012049,
        "CL": 0.8607619893840139
      },
      "r_squared": 0.9657623819717434,
      "adj_r_squared": 0.9461980288127395,
      "rmse": 0.08398210968325856,
      "mae": 0.053654044740905155,
      "n_params": 4,
      "aic": -51.45163558680362,
      "bic": -49.51200898765162
    },
    "comparison": {
      "best_by_aic": "group_type",
      "best_by_bic": "group_type",
      "best_by_r2": "group_type",
      "improvement_over_original_r2": 3.535952962321145
    }
  },
  "cross_validation": {
    "global": {
      "fold_rmse": [
        0.3175510765242311,
        0.4200098322039538,
        0.08431868978257258,
        0.10064358788732525,
        0.06843894974890417
      ],
      "mean_rmse": 0.1981924272293974,
      "std_rmse": 0.14336555888114003,
      "fold_mae": [
        0.2390575997694231,
        0.3674474467663521,
        0.08387870604084147,
        0.09992908808270917,
        0.0646808741325032
      ],
      "mean_mae": 0.1709987429583658,
      "fold_r2": [
        -0.36141757311466205,
        0,
        0,
        0.3517355658986392,
        0.9750192541720905
      ],
      "mean_r2": 0.1930674493912135
    },
    "group_type": {
      "fold_rmse": [
        0.12677328543485195,
        0.277051085821419,
        0.04164524555561033,
        0.16031949109167695,
        0.04972205687942209
      ],
      "mean_rmse": 0.13110223295659607,
      "std_rmse": 0.08578897512541768,
      "fold_mae": [
        0.11982050209761264,
        0.19802433892572258,
        0.04156436582224665,
        0.11607382560552748,
        0.047577794438196486
      ],
      "mean_mae": 0.10461216537786115,
      "fold_r2": [
        0.7830200201325938,
        0,
        0,
        -0.6449497103292345,
        0.9868144909849574
      ],
      "mean_r2": 0.22497696015766336
    }
  },
  "residual_analysis": {
    "mean": -0.004923199734006817,
    "std": 0.08383768157117624,
    "shapiro_stat": 0.8418239097421885,
    "shapiro_p": 0.029140025052305847,
    "by_type": {
      "B": {
        "mean": 0.004841856676526479,
        "std": 0.00041601898205900767,
        "max_abs": 0.005257875658585487
      },
      "C": {
        "mean": -0.013024760885792056,
        "std": 0.02845132955690591,
        "max_abs": 0.04292628084499417
      },
      "CL": {
        "mean": 0.0023466137884043947,
        "std": 0.14026042027533772,
        "max_abs": 0.21731783073343003
      }
    }
  },
  "final_formula": {
    "alpha": 0.2443489364961323,
    "gamma": {
      "B": 0.9190387337646204,
      "C": 0.2687365890012049,
      "CL": 0.8607619893840139
    },
    "latex": "$\\dim_H = 1 + 0.2443 \\cdot \\frac{1}{\\log V} \\cdot \\frac{L'}{L} + \\gamma_{type}$ (\\gamma_{B}=0.9190, \\gamma_{C}=0.2687, \\gamma_{CL}=0.8608)"
  }
}