{
  "kleinian": {
    "n_samples": 42,
    "cross_validation_summary": {
      "5_fold": {
        "mean": 1.3809753712315642,
        "std": 0.1632908966552598,
        "rmse": 0.33770114301386606,
        "bias": -0.008770893656792017
      },
      "10_fold": {
        "mean": 1.3871786541524584,
        "std": 0.15889767570327523,
        "rmse": 0.3348699921697253,
        "bias": -0.002567610735897587
      },
      "loo": {
        "mean": 1.38737954365406,
        "std": 0.15916288584033303,
        "rmse": 0.33555143476493726,
        "bias": -0.0023667212342962283
      }
    },
    "bootstrap_ci_95": [
      1.2853161623857257,
      1.4974177067233505
    ],
    "systematic_bias": 0.0,
    "random_cv": 25.980502848944436
  },
  "padic": {
    "n_samples": 5,
    "cross_validation_summary": {
      "3_fold": {
        "mean": 0.9999999999999994,
        "std": 3.2657356996607607e-15,
        "rmse": 2.9607797637224713e-15,
        "bias": -4.884981308350689e-16
      },
      "5_fold": {
        "mean": 1.0000000000000002,
        "std": 6.521083742145178e-16,
        "rmse": 6.080941944488118e-16,
        "bias": 1.7763568394002506e-16
      },
      "loo": {
        "mean": 1.0000000000000002,
        "std": 6.568167990716596e-16,
        "rmse": 6.121347318850488e-16,
        "bias": 1.7763568394002506e-16
      }
    },
    "bootstrap_ci_95": [
      1.0,
      1.0
    ],
    "systematic_bias": 0.0
  }
}