{
  "data_source": "/mnt/e/FiberGravity-DynamicCoupling/GitHub_Repositories/Fixed-4D-Topology/docs/research/data/extended_kleinian_lfunction_results.json",
  "n_samples": 42,
  "cross_validation": {
    "5_fold": {
      "method": "5-Fold CV (default)",
      "n_samples": 42,
      "mean": 1.3809753712315642,
      "std": 0.1632908966552598,
      "ci_95": [
        1.330090345701007,
        1.4318603967621215
      ],
      "ci_99": [
        1.3129155093089726,
        1.4490352331541558
      ],
      "mse": 0.11404206199287162,
      "rmse": 0.33770114301386606,
      "mae": 0.30390313767291066,
      "bias": -0.008770893656792017,
      "variance": 0.02666391693047874,
      "dimension_estimates": [
        1.6252342516303369,
        1.3351836391645184,
        1.3734317346554485,
        1.6127742307728368,
        0.8106799272306041,
        1.296035765392661,
        1.2523817103147001,
        1.459006995541166,
        1.5549601829934032,
        1.5106360907395455,
        1.5127477573251769,
        1.4248536222729513,
        1.1710345005968095,
        1.3829385379594599,
        0.9847452369812923,
        1.453201073682141,
        1.1045026207341246,
        1.4007647089548554,
        1.395161304265487,
        1.5137592218079627,
        1.3542351573248306,
        1.469926307998123,
        1.4316013144136694,
        1.3056325683530259,
        1.5231233463823262,
        1.4464222425338065,
        1.3444363742639758,
        1.462934377298018,
        1.5675638884314709,
        1.2940652472932483,
        1.2940652472932483,
        1.3804376466387638,
        1.389468360760446,
        1.4778133179374993,
        1.4500262310912393,
        1.3348804442579332,
        1.2311455011648647,
        1.2864708041478345,
        1.6668322621557523,
        1.3057973882268206,
        1.504257062516493,
        1.3057973882268206
      ],
      "outlier_indices": [
        4,
        14
      ],
      "convergence_rate": null,
      "computation_time": null
    },
    "10_fold": {
      "method": "10-Fold CV (default)",
      "n_samples": 42,
      "mean": 1.3871786541524584,
      "std": 0.15889767570327523,
      "ci_95": [
        1.3376626526451758,
        1.436694655659741
      ],
      "ci_99": [
        1.320949892539266,
        1.453407415765651
      ],
      "mse": 0.11213791165575186,
      "rmse": 0.3348699921697253,
      "mae": 0.3021010165417755,
      "bias": -0.002567610735897587,
      "variance": 0.025248471343903227,
      "dimension_estimates": [
        0.9200020305820085,
        1.3617453906284354,
        1.4528627229642752,
        1.6094184400948381,
        1.4401116056803664,
        1.5170506212869392,
        1.4764446690098005,
        1.4390292152309052,
        1.345231515203581,
        1.4424323224182154,
        1.421306396678761,
        1.2539576010995543,
        0.9456409139241568,
        1.1979000216131186,
        1.3997221785141407,
        1.332376380953351,
        1.5191333834344711,
        1.4634049637284927,
        1.3117499018210563,
        1.5792875782465534,
        1.3129757528149448,
        1.296531970845592,
        1.1312109480725732,
        1.4640476333483494,
        1.4640476333483494,
        1.5920344311484547,
        1.6280351538528617,
        1.4750219820048562,
        1.5279268982239915,
        1.4970063738894372,
        1.300755019201987,
        1.5001499896983375,
        1.266855000771685,
        1.5718482333765025,
        1.6005446084299113,
        1.2888138516559176,
        1.3671905852039097,
        1.3862396182425762,
        1.262617272590542,
        1.2065535578469575,
        1.3128110253350722,
        1.3794780813874277
      ],
      "outlier_indices": [
        0,
        12
      ],
      "convergence_rate": null,
      "computation_time": null
    },
    "loo": {
      "method": "LOO CV (default)",
      "n_samples": 42,
      "mean": 1.38737954365406,
      "std": 0.15916288584033303,
      "ci_95": [
        1.3377808968501221,
        1.4369781904579977
      ],
      "ci_99": [
        1.3210402421046044,
        1.4537188452035155
      ],
      "mse": 0.11259476537280795,
      "rmse": 0.33555143476493726,
      "mae": 0.3029957972151808,
      "bias": -0.0023667212342962283,
      "variance": 0.025332824229022888,
      "dimension_estimates": [
        1.570698299976009,
        1.582751443106404,
        1.4370058424506225,
        1.2720690744622178,
        0.849654951765401,
        1.5137198921096167,
        1.510214593054382,
        1.6603158189919127,
        1.3718923862732577,
        1.407821767406299,
        1.4469368094305444,
        1.4672895456984523,
        1.440761016800057,
        1.354564558269764,
        1.3211419409350282,
        1.0201907869768352,
        1.1247572519571294,
        1.1878501267805772,
        1.2287503670862852,
        1.2570670276030342,
        1.2776702699095508,
        1.2932392355593685,
        1.338259293697932,
        1.3571801660767608,
        1.370074544311851,
        1.5920435424977442,
        1.5796308831571872,
        1.5247081622248417,
        1.477812902965364,
        1.4435748907778536,
        1.5612764535622712,
        1.512666307135499,
        1.5475912899679047,
        1.482277000864982,
        1.4389428941862894,
        1.4370058424506225,
        1.4370058424506225,
        1.3545645582697634,
        1.3211419409350278,
        1.3211419409350278,
        1.3046102959380028,
        1.2720690744622178
      ],
      "outlier_indices": [
        4
      ],
      "convergence_rate": null,
      "computation_time": null
    }
  },
  "bootstrap": {
    "mean": 1.3890946338001748,
    "std": 0.05467325271627812,
    "median": 1.3884028635092147,
    "ci_95": [
      1.2853161623857257,
      1.4974177067233505
    ],
    "ci_99": [
      1.2510561522426755,
      1.532687868982852
    ],
    "bca_ci": [
      1.2873515134030673,
      1.4997098187796398
    ]
  },
  "error_analysis": {
    "systematic": {
      "bias": 0.0,
      "relative_bias": 0.0,
      "bias_percentage": 0.0,
      "estimated_true_value": 1.3897462648883563
    },
    "random": {
      "std": 0.36106306794241827,
      "sem": 0.05571324093110554,
      "ci_half_width": 0.11251517265643905,
      "cv": 0.25980502848944437,
      "cv_percentage": 25.980502848944436,
      "mad": 0.3028439999999999,
      "mad_scaled": 0.4489965143999998,
      "precision": 3.8490402045495014
    },
    "propagation": {
      "function_value": 1.954144392066072,
      "combined_uncertainty": 0.06965457415023983,
      "relative_uncertainty": 0.035644538056164646,
      "partial_derivatives": {
        "volume": 0.045855585995013826
      },
      "absolute_contributions": {
        "volume": 0.06965457415023983
      },
      "relative_contributions": {
        "volume": 1.0
      },
      "dominant_source": "volume"
    },
    "outliers": {
      "outlier_indices": [],
      "n_outliers": 0,
      "outlier_percentage": 0.0,
      "inlier_indices": [
        0,
        1,
        2,
        3,
        4,
        5,
        6,
        7,
        8,
        9,
        10,
        11,
        12,
        13,
        14,
        15,
        16,
        17,
        18,
        19,
        20,
        21,
        22,
        23,
        24,
        25,
        26,
        27,
        28,
        29,
        30,
        31,
        32,
        33,
        34,
        35,
        36,
        37,
        38,
        39,
        40,
        41
      ],
      "outlier_values": [],
      "inlier_mean": 1.3897462648883563,
      "inlier_std": 0.36106306794241827
    }
  },
  "statistical_tests": {
    "normality": {
      "shapiro": {
        "test_name": "Shapiro-Wilk Normality Test",
        "statistic": 0.8658801218743606,
        "p_value": 0.00015913240909729337,
        "alpha": 0.05,
        "reject_null": true,
        "interpretation": "数据不符合正态分布"
      },