{
  "dimflow_model": {
    "log_evidence": -7.189259577483048,
    "parameters": {
      "delta0": {
        "mean": 0.22934608474611246,
        "std": 0.008778520095102469
      },
      "n0": {
        "mean": 10.189030901112037,
        "std": 1.3107946372038584
      },
      "c1": {
        "mean": 0.5185250694213744,
        "std": 0.0649823635793089,
        "ci_95": [
          0.393905205487898,
          0.6491680767972963
        ]
      }
    }
  },
  "standard_model": {
    "log_evidence": -12.554673484678073,
    "parameters": {
      "delta0": {
        "mean": 0.14693040218499126,
        "std": 0.00530841108239683
      },
      "alpha": {
        "mean": 0.02378809633966576,
        "std": 0.002837712121945075
      }
    }
  },
  "bayes_factor": {
    "log_B10": 5.365413907195025,
    "B10": 213.87974272700276,
    "interpretation": "Strong evidence for dimension flow"
  }
}