{
  "eigenvalues": [
    0.05,
    0.025,
    0.025,
    0.025
  ],
  "weights_theoretical": [
    0.14285714285714285,
    0.2857142857142857,
    0.2857142857142857,
    0.2857142857142857
  ],
  "weights_empirical": [
    0.4,
    0.2,
    0.2,
    0.2
  ],
  "error": 0.2571428571428572
}