{
  "lambda_1": 37.66411879147732,
  "lambda_2": 338.97706912329596,
  "spectral_gap": 301.3129503318186,
  "d_cantor": 0.6309297535714574,
  "correction_factor": 0.18288577400268574,
  "C_star_from_gap": 1.4630861920214862,
  "C_star_empirical": 0.21,
  "error": 5.96707710486422
}