{
  "analytic": {
    "mean": 1.8857739092619115,
    "std": 1.804743813684922,
    "values": [
      2.4886364649973505,
      2.3812956082107974,
      1.2208985489697837,
      6.772900497738008,
      0.8476060035738,
      1.0105838948782062,
      2.34860665194637,
      0.3310211004045128,
      0.502535285340379,
      0.7819383097043008,
      6.58339866166007,
      1.8952779112479072,
      0.8482226099441942,
      0.4269322900839326,
      0.8601512190523758,
      0.5459807651090155,
      1.6831170018712038,
      3.8177986233667904,
      2.288083808586363,
      0.37243196602361,
      3.064487122061782,
      1.3848890182465132,
      0.42104404967661985,
      0.7749045672982794,
      2.5445923414843397,
      2.157087158919277,
      0.6712191598631411,
      3.8067040084507138,
      0.6846825736509542,
      1.833529142719069,
      0.9519378433149622,
      0.6364701765952533,
      2.8931172610316125,
      1.1925270880600065,
      2.304373843927023,
      1.7493307074451392,
      1.1281580338697774,
      0.25,
      1.6902651468612866,
      2.0591934005184984,
      1.133124872925819,
      6.827442698906971,
      0.730921540243256,
      3.602979995717814,
      0.8000036993839486,
      1.4347830078887074,
      0.7843672698288102,
      1.244266775707515,
      1.941238181180384,
      1.5461043492120161,
      0.4096041193531002,
      1.191658684679614,
      1.1943075513717702,
      9.70281116941841,
      1.9465937868546124,
      0.22226204784827852,
      1.0658246553648332,
      1.1753333889689797,
      1.6715395410970828,
      4.348290506668457,
      3.597602635519192,
      6.804814120906201,
      2.03498936001507,
      0.6240030088439024,
      1.7553599664154482,
      0.3084434277272419,
      0.4576176231298891,
      0.3963824144814761,
      0.7244237511901782,
      3.7880708390988005,
      1.5670593111401547,
      0.27775693238405225,
      1.7474315230975355,
      0.5859521441995037,
      2.4290120346782476,
      1.8334327471044352,
      0.722444006605887,
      2.1721871049351322,
      9.281645961196144,
      0.37573791133379997,
      0.4638784454656566,
      5.112453492821023,
      3.7496536320075,
      2.7345812995500642,
      1.298642714479133,
      0.7176114741951117,
      1.314206152430139,
      1.7672924592830952,
      1.2136456965479152,
      0.6710212815000087,
      3.0471193012503286,
      0.4522828937886192,
      1.0652647791037855,
      2.413287798947358,
      0.8376283623222951,
      0.8187552363043009,
      2.134502097534361,
      1.6860469233586481,
      0.5960064318210488,
      1.8197559201548867
    ]
  },
  "phenomenological": {
    "mean": 0.24534468210653937,
    "std": 0.03679238329356335,
    "values": [
      0.24884488626852203,
      0.2046786171298729,
      0.25361109170472484,
      0.22932224623021516,
      0.22273318560853736,
      0.26405683490451126,
      0.30314814523216904,
      0.30545461509627925,
      0.22739118766245187,
      0.31892823804782516,
      0.24974441706856657,
      0.2912425360317392,
      0.24027333427741152,
      0.22179168336674868,
      0.25779788756028404,
      0.16368669175683925,
      0.28044841304418094,
      0.2756201943156033,
      0.3052857389932037,
      0.23100024946479614,
      0.24059029258248993,
      0.25552360457020734,
      0.30372570608524707,
      0.20180337666660647,
      0.2966665733533423,
      0.256363043869255,
      0.21704012989097188,
      0.22302132906034527,
      0.26051539611472885,
      0.2162865195239373,
      0.2526560689587385,
      0.31652643101520067,
      0.21088101997067174,
      0.21055679978969521,
      0.2637864491080874,
      0.20020727241440245,
      0.19208694540756432,
      0.25,
      0.25463155232519913,
      0.3089066477056621,
      0.23194951800989264,
      0.2558572989552676,
      0.26971943767809325,
      0.23697871147793098,
      0.2232908221757783,
      0.2139187502706631,
      0.2601868660805074,
      0.302858556259531,
      0.2372197173728774,
      0.2528036097444717,
      0.2773186716937546,
      0.27599100217100736,
      0.2306028139467473,
      0.2416831886753125,
      0.2472497599081847,
      0.2488014112152153,
      0.16482354741249283,
      0.23411053903537202,
      0.28450444222769455,
      0.2277987554575658,
      0.2680269074013854,
      0.27493263610434465,
      0.18586607728484988,
      0.27626373840760604,
      0.2611392043076011,
      0.23898150095465903,
      0.21754911467529064,
      0.1632821834829815,
      0.2606333252680761,
      0.2759556340410146,
      0.2050622683857393,
      0.227760934613785,
      0.2213932344818343,
      0.332120947723945,
      0.23681032384907152,
      0.2345034505830046,
      0.23436552875586128,
      0.266313190189163,
      0.2359555391278567,
      0.2031929037003333,
      0.20199888845171124,
      0.26369301804998374,
      0.23506795413077275,
      0.19741925965359663,
      0.27285905080852974,
      0.287213473789758,
      0.23326639510821337,
      0.22017478811962019,
      0.19679954294718274,
      0.14359240976819618,
      0.2678526546240114,
      0.21686633297421576,
      0.2188637959481556,
      0.24704123478210388,
      0.32135905458593317,
      0.21024612328418962,
      0.2832490712110368,
      0.23298817493662707,
      0.2370734557814327,
      0.2822321164150662
    ]
  },
  "correlation": 0.059965494909260265
}