{
  "methods": {
    "geometric": {
      "mean": 0.2624651026796053,
      "std": 0.6342977663390726,
      "sem": 0.014183329235104443,
      "p_value": 0.37958503506129126
    },
    "linear": {
      "mean": 0.2905196944339736,
      "std": 0.04519429087593971,
      "sem": 0.001010575065934997,
      "p_value": 0.0
    },
    "power": {
      "mean": 0.1927667217187377,
      "std": 0.06584671372131227,
      "sem": 0.0014723772797582237,
      "p_value": 0.0
    }
  },
  "bootstrap": {
    "mean": 0.26261625764535595,
    "std": 0.014947405321734141,
    "median": 0.2606370805963263,
    "ci_95": [
      0.24460865116867828,
      0.29490324568930826
    ]
  }
}