{
  "critical_temperature_GeV": 1e+16,
  "critical_time_s": 1e-34,
  "redshift": 7.493791457080293e+28,
  "peak_frequency_hz": 133443.79887369016,
  "peak_amplitude": 1e-12,
  "transition_type": "higher_order",
  "frequency": [
    0.0001,
    0.00010974987654930556,
    0.00012045035402587823,
    0.00013219411484660288,
    0.000145082877849594,
    0.00015922827933410923,
    0.0001747528400007683,
    0.00019179102616724886,
    0.00021049041445120198,
    0.00023101297000831605,
    0.00025353644939701115,
    0.0002782559402207126,
    0.0003053855508833416,
    0.0003351602650938841,
    0.0003678379771828634,
    0.0004037017258596554,
    0.0004430621457583882,
    0.00048626015800653534,
    0.0005336699231206312,
    0.0005857020818056667,
    0.0006428073117284319,
    0.0007054802310718645,
    0.000774263682681127,
    0.0008497534359086447,
    0.0009326033468832199,
    0.001023531021899027,
    0.0011233240329780276,
    0.0012328467394420659,
    0.0013530477745798076,
    0.001484968262254465,
    0.0016297508346206436,
    0.001788649529057435,
    0.0019630406500402726,
    0.0021544346900318843,
    0.002364489412645407,
    0.002595024211399737,
    0.002848035868435802,
    0.0031257158496882354,
    0.003430469286314919,
    0.0037649358067924714,
    0.0041320124001153384,
    0.004534878508128582,
    0.004977023564332114,
    0.0054622772176843425,
    0.005994842503189409,
    0.006579332246575682,
    0.007220809018385471,
    0.007924828983539177,
    0.008697490026177835,
    0.009545484566618348,
    0.010476157527896652,
    0.011497569953977368,
    0.012618568830660211,
    0.013848863713938732,
    0.015199110829529346,
    0.016681005372000592,
    0.018307382802953697,
    0.02009233002565048,
    0.022051307399030457,
    0.024201282647943835,
    0.026560877829466867,
    0.02915053062825179,
    0.03199267137797385,
    0.03511191734215135,
    0.03853528593710531,
    0.04229242874389499,
    0.04641588833612782,
    0.0509413801481638,
    0.055908101825122285,
    0.061359072734131756,
    0.06734150657750829,
    0.07390722033525783,
    0.08111308307896872,
    0.08902150854450393,
    0.09770099572992257,
    0.10722672220103242,
    0.1176811952434999,
    0.1291549665014884,
    0.14174741629268062,
    0.15556761439304723,
    0.1707352647470692,
    0.1873817422860385,
    0.20565123083486536,
    0.22570197196339215,
    0.24770763559917114,
    0.2718588242732943,
    0.298364724028334,
    0.3274549162877732,
    0.3593813663804629,
    0.394420605943766,
    0.43287612810830617,
    0.4750810162102798,
    0.521400828799969,
    0.572236765935022,
    0.6280291441834259,
    0.6892612104349702,
    0.7564633275546291,
    0.8302175681319752,
    0.9111627561154896,
    1.0
  ],
  "spectrum_shape": [
    9.99916747754556e-25,
    1.3218310949701575e-24,
    1.747382917319826e-24,
    2.309937382790428e-24,
    3.053601279967645e-24,
    4.0366811877521925e-24,
    5.336254972226212e-24,
    7.054215036499907e-24,
    9.325257141396373e-24,
    1.2327441156303662e-23,
    1.629615175037329e-23,
    2.15425536048052e-23,
    2.847798811755695e-23,
    3.7646224411456566e-23,
    4.9766093269298846e-23,
    6.57878466875382e-23,
    8.696766189025213e-23,
    1.1496613125212173e-22,
    1.5197846018206766e-22,
    2.009065810655932e-22,
    2.655866777710529e-22,
    3.5108995966207817e-22,
    4.641202671486938e-22,
    6.135396828373736e-22,
    8.11063358554594e-22,
    1.0721780358038729e-21,
    1.417356275787718e-21,
    1.873661600086896e-21,
    2.476870392245241e-21,
    3.274276926891717e-21,
    4.328401453310911e-21,
    5.721892063915912e-21,
    7.564004676205282e-21,
    9.99916918801496e-21,
    1.3218313431299847e-20,
    1.7473832773572446e-20,
    2.309937905143082e-20,
    3.053602037811911e-20,
    4.036682287254485e-20,
    5.33625656741582e-20,
    7.054217350846915e-20,
    9.325260499117655e-20,
    1.2327446027782452e-19,
    1.629615881805501e-19,
    2.1542563858801408e-19,
    2.8478002994350145e-19,
    3.764624599513694e-19,
    4.97661245835241e-19,
    6.578789211911885e-19,
    8.696772780369898e-19,
    1.1496622688125075e-18,
    1.5197859892356556e-18,
    2.0090678235576093e-18,
    2.655869698086347e-18,
    3.510903833586293e-18,
    4.6412088185987784e-18,
    6.135405746781067e-18,
    8.110646524628894e-18,
    1.0721799130434063e-17,
    1.4173589993410955e-17,
    1.873665551496885e-17,
    2.4768761250651532e-17,
    3.274285244232771e-17,
    4.328413520350172e-17,
    5.721909571126104e-17,
    7.564030076173422e-17,
    9.999206039025757e-17,
    1.3218366895816424e-16,
    1.7473910341447e-16,
    2.309949158915986e-16,
    3.0536183651133794e-16,
    4.036705975379489e-16,
    5.336290934839086e-16,
    7.054267212109289e-16,
    9.325332839296934e-16,
    1.2327550981035991e-15,
    1.629631108731877e-15,
    2.154278477553182e-15,
    2.847832350686027e-15,
    3.7646711004165204e-15,
    4.976679923241044e-15,
    6.578887091978427e-15,
    8.696914787690163e-15,
    1.1496828716595806e-14,
    1.5198158804651832e-14,
    2.0091111906551535e-14,
    2.6559326163856227e-14,
    3.510995117370847e-14,
    4.6413412559080446e-14,
    6.135597890907612e-14,
    8.110925293282292e-14,
    1.0722203576695666e-13,
    1.41741767767641e-13,
    1.873750683886008e-13,
    2.476999637858462e-13,
    3.2744644405828104e-13,
    4.328673504264443e-13,
    5.72228676437376e-13,
    7.564577320748264e-13,
    1e-12
  ],
  "distinguishing_features": [
    "\u9ad8\u65af\u578b\u9891\u8c31\u5cf0\u503c",
    "\u56fa\u5b9a\u9891\u7387 ~0.3 mHz (\u7531GUT\u5c3a\u5ea6\u51b3\u5b9a)",
    "\u5e73\u6ed1\u8fde\u7eed\u8fc7\u6e21 (\u65e0\u6c14\u6ce1)",
    "\u4e0e\u6807\u51c6\u81a8\u80c0\u8c31\u53e0\u52a0"
  ],
  "model_parameters": {
    "beta_over_H": 100.0,
    "g_star_c": 100.0,
    "g_star_0": 3.36
  }
}